train_loss_step,train_acc_step,epoch,step,val_loss,val_acc,train_loss_epoch,train_acc_epoch,test_loss,test_acc
4.4807658195495605,0.25,0,49,,,,,,
2.417271852493286,0.53125,0,99,,,,,,
1.4224594831466675,0.65625,0,149,,,,,,
1.0737581253051758,0.734375,0,199,,,,,,
0.9283206462860107,0.78125,0,249,,,,,,
1.0671340227127075,0.75,0,299,,,,,,
0.706743597984314,0.8125,0,349,,,,,,
0.44872674345970154,0.953125,0,399,,,,,,
0.8158953189849854,0.6875,0,449,,,,,,
0.505611777305603,0.84375,0,499,,,,,,
0.36995384097099304,0.90625,0,549,,,,,,
0.6368196606636047,0.8125,0,599,,,,,,
0.47098270058631897,0.859375,0,649,,,,,,
0.3992808163166046,0.90625,0,699,,,,,,
0.5582191348075867,0.890625,0,749,,,,,,
0.37745875120162964,0.890625,0,799,,,,,,
0.3280613124370575,0.890625,0,849,,,,,,
0.4599328935146332,0.859375,0,899,,,,,,
0.38769257068634033,0.875,0,949,,,,,,
0.220057874917984,0.9375,0,999,,,,,,
0.2726048529148102,0.9375,0,1049,,,,,,
0.383235901594162,0.90625,0,1099,,,,,,
0.42804422974586487,0.875,0,1149,,,,,,
0.4879169464111328,0.828125,0,1199,,,,,,
0.585373044013977,0.8125,0,1249,,,,,,
0.5417231321334839,0.859375,0,1299,,,,,,
,,0,1322,0.2644219696521759,0.9264761805534363,,,,
,,0,1322,,,0.9718763828277588,0.7859987020492554,,
0.2576707601547241,0.953125,1,1349,,,,,,
0.3861722946166992,0.90625,1,1399,,,,,,
0.3345961272716522,0.890625,1,1449,,,,,,
0.1336289793252945,0.96875,1,1499,,,,,,
0.5658922791481018,0.859375,1,1549,,,,,,
0.2864060401916504,0.9375,1,1599,,,,,,
0.22930024564266205,0.921875,1,1649,,,,,,
0.2512584924697876,0.9375,1,1699,,,,,,
0.21783258020877838,0.9375,1,1749,,,,,,
0.5250737071037292,0.859375,1,1799,,,,,,
0.2870745360851288,0.921875,1,1849,,,,,,
0.3180356025695801,0.875,1,1899,,,,,,
0.4044399559497833,0.859375,1,1949,,,,,,
0.23022831976413727,0.90625,1,1999,,,,,,
0.6180967092514038,0.875,1,2049,,,,,,
0.35681024193763733,0.890625,1,2099,,,,,,
0.28614717721939087,0.921875,1,2149,,,,,,
0.18709461390972137,0.953125,1,2199,,,,,,
0.1532367318868637,0.953125,1,2249,,,,,,
0.194011390209198,0.9375,1,2299,,,,,,
0.3551575839519501,0.890625,1,2349,,,,,,
0.14916028082370758,0.953125,1,2399,,,,,,
0.22123949229717255,0.9375,1,2449,,,,,,
0.19010621309280396,0.953125,1,2499,,,,,,
0.31626424193382263,0.921875,1,2549,,,,,,
0.32544729113578796,0.90625,1,2599,,,,,,
,,1,2645,0.1854548454284668,0.9485714435577393,,,,
,,1,2645,,,0.29525893926620483,0.9209665060043335,,
0.09945134818553925,0.96875,2,2649,,,,,,
0.2652747929096222,0.921875,2,2699,,,,,,
0.12263154238462448,0.96875,2,2749,,,,,,
0.0882747694849968,0.96875,2,2799,,,,,,
0.05566078796982765,0.984375,2,2849,,,,,,
0.09850336611270905,0.953125,2,2899,,,,,,
0.13661615550518036,0.953125,2,2949,,,,,,
0.34194374084472656,0.96875,2,2999,,,,,,
0.19667744636535645,0.90625,2,3049,,,,,,
0.2985759973526001,0.921875,2,3099,,,,,,
0.24864964187145233,0.9375,2,3149,,,,,,
0.22246599197387695,0.953125,2,3199,,,,,,
0.2313833087682724,0.921875,2,3249,,,,,,
0.1611742377281189,0.953125,2,3299,,,,,,
0.4512555003166199,0.921875,2,3349,,,,,,
0.17845149338245392,0.953125,2,3399,,,,,,
0.27313610911369324,0.875,2,3449,,,,,,
0.2479577213525772,0.9375,2,3499,,,,,,
0.30133992433547974,0.9375,2,3549,,,,,,
0.2844083309173584,0.953125,2,3599,,,,,,
0.29896706342697144,0.9375,2,3649,,,,,,
0.35264652967453003,0.875,2,3699,,,,,,
0.5267185568809509,0.859375,2,3749,,,,,,
0.31596967577934265,0.9375,2,3799,,,,,,
0.28858962655067444,0.875,2,3849,,,,,,
0.14917348325252533,0.9375,2,3899,,,,,,
0.19915783405303955,0.9375,2,3949,,,,,,
,,2,3968,0.15392661094665527,0.9573333263397217,,,,
,,2,3968,,,0.21737730503082275,0.9405801296234131,,
0.15621346235275269,0.96875,3,3999,,,,,,
0.3429306149482727,0.921875,3,4049,,,,,,
0.12143635749816895,0.96875,3,4099,,,,,,
0.04276582598686218,0.984375,3,4149,,,,,,
0.14973819255828857,0.96875,3,4199,,,,,,
0.18447844684123993,0.953125,3,4249,,,,,,
0.31937065720558167,0.921875,3,4299,,,,,,
0.06842164695262909,0.984375,3,4349,,,,,,
0.061388202011585236,0.984375,3,4399,,,,,,
0.08994430303573608,0.96875,3,4449,,,,,,
0.08567993342876434,0.96875,3,4499,,,,,,
0.10543227195739746,0.953125,3,4549,,,,,,
0.09940708428621292,0.953125,3,4599,,,,,,
0.14879180490970612,0.96875,3,4649,,,,,,
0.24062658846378326,0.90625,3,4699,,,,,,
0.29530030488967896,0.9375,3,4749,,,,,,
0.18747259676456451,0.953125,3,4799,,,,,,
0.21437372267246246,0.921875,3,4849,,,,,,
0.12982825934886932,0.96875,3,4899,,,,,,
0.2170434147119522,0.921875,3,4949,,,,,,
0.17216268181800842,0.96875,3,4999,,,,,,
0.4357820153236389,0.90625,3,5049,,,,,,
0.1096726730465889,0.953125,3,5099,,,,,,
0.07282119244337082,0.984375,3,5149,,,,,,
0.3664955794811249,0.96875,3,5199,,,,,,
0.2114287167787552,0.9375,3,5249,,,,,,
,,3,5291,0.15305903553962708,0.9630476236343384,,,,
,,3,5291,,,0.1778857558965683,0.9502570033073425,,
0.11993277072906494,0.953125,4,5299,,,,,,
0.17923341691493988,0.9375,4,5349,,,,,,
0.40874388813972473,0.90625,4,5399,,,,,,
0.12909699976444244,0.953125,4,5449,,,,,,
0.3187195062637329,0.921875,4,5499,,,,,,
0.15662607550621033,0.96875,4,5549,,,,,,
0.0371311791241169,0.984375,4,5599,,,,,,
0.09809884428977966,0.96875,4,5649,,,,,,
0.14899058640003204,0.953125,4,5699,,,,,,
0.15149369835853577,0.953125,4,5749,,,,,,
0.05104205384850502,1.0,4,5799,,,,,,
0.13548384606838226,0.953125,4,5849,,,,,,
0.10323682427406311,0.9375,4,5899,,,,,,
0.08449453115463257,0.984375,4,5949,,,,,,
0.17050591111183167,0.953125,4,5999,,,,,,
0.10209266096353531,0.953125,4,6049,,,,,,
0.4043174386024475,0.90625,4,6099,,,,,,
0.4067822992801666,0.90625,4,6149,,,,,,
0.1186465471982956,0.953125,4,6199,,,,,,
0.13791845738887787,0.953125,4,6249,,,,,,
0.07356709986925125,0.984375,4,6299,,,,,,
0.2436414510011673,0.921875,4,6349,,,,,,
0.26918163895606995,0.90625,4,6399,,,,,,
0.08948879688978195,0.96875,4,6449,,,,,,
0.2720477283000946,0.9375,4,6499,,,,,,
0.16713695228099823,0.953125,4,6549,,,,,,
0.046400949358940125,0.984375,4,6599,,,,,,
,,4,6614,0.1753195971250534,0.9493333101272583,,,,
,,4,6614,,,0.15004734694957733,0.9563301205635071,,
0.25700706243515015,0.921875,5,6649,,,,,,
0.10441239178180695,0.953125,5,6699,,,,,,
0.13205191493034363,0.953125,5,6749,,,,,,
0.01531145814806223,1.0,5,6799,,,,,,
0.041191112250089645,0.984375,5,6849,,,,,,
0.09751610457897186,0.96875,5,6899,,,,,,
0.028201675042510033,1.0,5,6949,,,,,,
0.09701218456029892,0.96875,5,6999,,,,,,
0.15189602971076965,0.96875,5,7049,,,,,,
0.078328937292099,0.953125,5,7099,,,,,,
0.30641698837280273,0.9375,5,7149,,,,,,
0.1500905603170395,0.9375,5,7199,,,,,,
0.09702077507972717,0.953125,5,7249,,,,,,
0.2656598389148712,0.9375,5,7299,,,,,,
0.10555002838373184,0.96875,5,7349,,,,,,
0.19947771728038788,0.9375,5,7399,,,,,,
0.13960450887680054,0.96875,5,7449,,,,,,
0.13163207471370697,0.9375,5,7499,,,,,,
0.22303979098796844,0.96875,5,7549,,,,,,
0.1778092235326767,0.984375,5,7599,,,,,,
0.10317790508270264,0.9375,5,7649,,,,,,
0.08547761291265488,0.984375,5,7699,,,,,,
0.1741168349981308,0.9375,5,7749,,,,,,
0.45238539576530457,0.90625,5,7799,,,,,,
0.08188913762569427,0.96875,5,7849,,,,,,
0.16236071288585663,0.96875,5,7899,,,,,,
,,5,7937,0.1769799292087555,0.9565714001655579,,,,
,,5,7937,,,0.1351078599691391,0.9605836868286133,,
0.03648456186056137,1.0,6,7949,,,,,,
0.11477421224117279,0.96875,6,7999,,,,,,
0.06548749655485153,0.96875,6,8049,,,,,,
0.07859313488006592,0.984375,6,8099,,,,,,
0.09009520709514618,0.984375,6,8149,,,,,,
0.1742253452539444,0.9375,6,8199,,,,,,
0.05103383958339691,0.96875,6,8249,,,,,,
0.2527729868888855,0.921875,6,8299,,,,,,
0.09652586281299591,0.984375,6,8349,,,,,,
0.15081191062927246,0.953125,6,8399,,,,,,
0.15640930831432343,0.953125,6,8449,,,,,,
0.0436428040266037,0.984375,6,8499,,,,,,
0.22339914739131927,0.921875,6,8549,,,,,,
0.019972901791334152,1.0,6,8599,,,,,,
0.048558324575424194,0.984375,6,8649,,,,,,
0.07288715988397598,0.96875,6,8699,,,,,,
0.08377479016780853,0.984375,6,8749,,,,,,
0.2035485953092575,0.9375,6,8799,,,,,,
0.21090500056743622,0.953125,6,8849,,,,,,
0.1399701088666916,0.984375,6,8899,,,,,,
0.04585506394505501,1.0,6,8949,,,,,,
0.023504644632339478,1.0,6,8999,,,,,,
0.1722666472196579,0.9375,6,9049,,,,,,
0.13017849624156952,0.953125,6,9099,,,,,,
0.03717765584588051,0.984375,6,9149,,,,,,
0.2419627159833908,0.921875,6,9199,,,,,,
0.1879609376192093,0.9375,6,9249,,,,,,
,,6,9260,0.15241612493991852,0.9596190452575684,,,,
,,6,9260,,,0.11754397302865982,0.9650499224662781,,
0.01143583096563816,1.0,7,9299,,,,,,
0.0924188643693924,0.953125,7,9349,,,,,,
0.03829093649983406,0.984375,7,9399,,,,,,
0.05688270553946495,0.96875,7,9449,,,,,,
0.024408485740423203,1.0,7,9499,,,,,,
0.11499232053756714,0.984375,7,9549,,,,,,
0.0982881486415863,0.953125,7,9599,,,,,,
0.0661628320813179,0.96875,7,9649,,,,,,
0.10478906333446503,0.984375,7,9699,,,,,,
0.1110968291759491,0.9375,7,9749,,,,,,
0.1665739268064499,0.9375,7,9799,,,,,,
0.08971819281578064,0.984375,7,9849,,,,,,
0.057852163910865784,0.984375,7,9899,,,,,,
0.09807668626308441,0.96875,7,9949,,,,,,
0.4270841181278229,0.890625,7,9999,,,,,,
0.06340539455413818,0.984375,7,10049,,,,,,
0.1769002228975296,0.953125,7,10099,,,,,,
0.19490262866020203,0.9375,7,10149,,,,,,
0.1923978477716446,0.90625,7,10199,,,,,,
0.08961401879787445,0.984375,7,10249,,,,,,
0.09402158111333847,0.96875,7,10299,,,,,,
0.13554926216602325,0.9375,7,10349,,,,,,
0.10400289297103882,0.953125,7,10399,,,,,,
0.12602324783802032,0.96875,7,10449,,,,,,
0.048747651278972626,1.0,7,10499,,,,,,
0.04842867702245712,0.984375,7,10549,,,,,,
,,7,10583,0.16072030365467072,0.9626666903495789,,,,
,,7,10583,,,0.1043507382273674,0.9686181545257568,,
0.16043831408023834,0.953125,8,10599,,,,,,
0.037659477442502975,0.984375,8,10649,,,,,,
0.09395254403352737,0.953125,8,10699,,,,,,
0.16258494555950165,0.96875,8,10749,,,,,,
0.028506005182862282,1.0,8,10799,,,,,,
0.03175002336502075,1.0,8,10849,,,,,,
0.032470326870679855,0.984375,8,10899,,,,,,
0.11341273039579391,0.96875,8,10949,,,,,,
0.10237429291009903,0.9375,8,10999,,,,,,
0.14372393488883972,0.953125,8,11049,,,,,,
0.0625341534614563,0.984375,8,11099,,,,,,
0.11393184959888458,0.953125,8,11149,,,,,,
0.10557660460472107,0.96875,8,11199,,,,,,
0.17358586192131042,0.9375,8,11249,,,,,,
0.12211764603853226,0.953125,8,11299,,,,,,
0.029218783602118492,0.984375,8,11349,,,,,,
0.06236879527568817,0.96875,8,11399,,,,,,
0.05197194963693619,0.96875,8,11449,,,,,,
0.08192329108715057,0.984375,8,11499,,,,,,
0.1220414787530899,0.921875,8,11549,,,,,,
0.08598875999450684,0.984375,8,11599,,,,,,
0.0380183681845665,1.0,8,11649,,,,,,
0.05433174595236778,0.984375,8,11699,,,,,,
0.15253131091594696,0.953125,8,11749,,,,,,
0.14858809113502502,0.953125,8,11799,,,,,,
0.08567468076944351,0.953125,8,11849,,,,,,
0.22372221946716309,0.953125,8,11899,,,,,,
,,8,11906,0.16549624502658844,0.9599999785423279,,,,
,,8,11906,,,0.09632852673530579,0.9716901779174805,,
0.0723884254693985,0.96875,9,11949,,,,,,
0.07160550355911255,0.96875,9,11999,,,,,,
0.13742220401763916,0.96875,9,12049,,,,,,
0.0224456787109375,1.0,9,12099,,,,,,
0.030026283115148544,0.984375,9,12149,,,,,,
0.040313683450222015,0.984375,9,12199,,,,,,
0.22354836761951447,0.953125,9,12249,,,,,,
0.1670995056629181,0.9375,9,12299,,,,,,
0.06100785359740257,0.96875,9,12349,,,,,,
0.022350633516907692,1.0,9,12399,,,,,,
0.10000930726528168,0.96875,9,12449,,,,,,
0.04893573373556137,1.0,9,12499,,,,,,
0.18704824149608612,0.921875,9,12549,,,,,,
0.17044255137443542,0.953125,9,12599,,,,,,
0.1549825519323349,0.953125,9,12649,,,,,,
0.13523714244365692,0.9375,9,12699,,,,,,
0.055913519114255905,0.984375,9,12749,,,,,,
0.01493495237082243,1.0,9,12799,,,,,,
0.16046427190303802,0.953125,9,12849,,,,,,
0.12561798095703125,0.953125,9,12899,,,,,,
0.10653986036777496,0.953125,9,12949,,,,,,
0.047872766852378845,0.96875,9,12999,,,,,,
0.09161542356014252,0.984375,9,13049,,,,,,
0.09965892136096954,0.984375,9,13099,,,,,,
0.027547964826226234,0.984375,9,13149,,,,,,
0.06659168004989624,0.984375,9,13199,,,,,,
,,9,13229,0.1656268984079361,0.9577142596244812,,,,
,,9,13229,,,0.08772854506969452,0.9738996624946594,,
0.006456079427152872,1.0,10,13249,,,,,,
0.014422580599784851,1.0,10,13299,,,,,,
0.015488107688724995,1.0,10,13349,,,,,,
0.0142193753272295,1.0,10,13399,,,,,,
0.05036479979753494,0.984375,10,13449,,,,,,
0.00946878083050251,1.0,10,13499,,,,,,
0.1291286051273346,0.953125,10,13549,,,,,,
0.0179190244525671,1.0,10,13599,,,,,,
0.024712758138775826,0.984375,10,13649,,,,,,
0.01602044329047203,0.984375,10,13699,,,,,,
0.029256120324134827,0.984375,10,13749,,,,,,
0.10828649997711182,0.953125,10,13799,,,,,,
0.030843069776892662,0.984375,10,13849,,,,,,
0.009299627505242825,1.0,10,13899,,,,,,
0.024237072095274925,0.984375,10,13949,,,,,,
0.04186437278985977,0.984375,10,13999,,,,,,
0.06948111206293106,0.96875,10,14049,,,,,,
0.009722652845084667,1.0,10,14099,,,,,,
0.019628053531050682,1.0,10,14149,,,,,,
0.12530764937400818,0.96875,10,14199,,,,,,
0.020537113770842552,1.0,10,14249,,,,,,
0.006193633656948805,1.0,10,14299,,,,,,
0.08347497880458832,0.984375,10,14349,,,,,,
0.00474625313654542,1.0,10,14399,,,,,,
0.011881443671882153,1.0,10,14449,,,,,,
0.0024339675437659025,1.0,10,14499,,,,,,
0.03715267777442932,0.984375,10,14549,,,,,,
,,10,14552,0.08808731287717819,0.9767618775367737,,,,
,,10,14552,,,0.030732087790966034,0.991008460521698,,
0.003315838286653161,1.0,11,14599,,,,,,
0.0035638180561363697,1.0,11,14649,,,,,,
0.004063426051288843,1.0,11,14699,,,,,,
0.03014005906879902,0.984375,11,14749,,,,,,
0.0018443367443978786,1.0,11,14799,,,,,,
0.004713885951787233,1.0,11,14849,,,,,,
0.04780459776520729,0.984375,11,14899,,,,,,
0.011061797849833965,1.0,11,14949,,,,,,
0.036747049540281296,0.984375,11,14999,,,,,,
0.0025537903420627117,1.0,11,15049,,,,,,
0.006449215114116669,1.0,11,15099,,,,,,
0.10102933645248413,0.984375,11,15149,,,,,,
0.00225814594887197,1.0,11,15199,,,,,,
0.006563685368746519,1.0,11,15249,,,,,,
0.0016702619614079595,1.0,11,15299,,,,,,
0.010191976092755795,1.0,11,15349,,,,,,
0.0013983490644022822,1.0,11,15399,,,,,,
0.019420865923166275,1.0,11,15449,,,,,,
0.0065246024169027805,1.0,11,15499,,,,,,
0.0012806255836039782,1.0,11,15549,,,,,,
0.00878400169312954,1.0,11,15599,,,,,,
0.008864968083798885,1.0,11,15649,,,,,,
0.0009798211976885796,1.0,11,15699,,,,,,
0.0054884739220142365,1.0,11,15749,,,,,,
0.021249867975711823,1.0,11,15799,,,,,,
0.00150820252019912,1.0,11,15849,,,,,,
,,11,15875,0.08373048901557922,0.9817143082618713,,,,
,,11,15875,,,0.013302270323038101,0.9965026378631592,,
0.0007589311571791768,1.0,12,15899,,,,,,
0.015618535690009594,0.984375,12,15949,,,,,,
0.005440335720777512,1.0,12,15999,,,,,,
0.0062261419370770454,1.0,12,16049,,,,,,
0.04638773202896118,0.984375,12,16099,,,,,,
0.009246611967682838,1.0,12,16149,,,,,,
0.007857091724872589,1.0,12,16199,,,,,,
0.008696130476891994,1.0,12,16249,,,,,,
0.004814302548766136,1.0,12,16299,,,,,,
0.004673552233725786,1.0,12,16349,,,,,,
0.0019324789755046368,1.0,12,16399,,,,,,
0.00992190558463335,1.0,12,16449,,,,,,
0.00404170248657465,1.0,12,16499,,,,,,
0.0015061466256156564,1.0,12,16549,,,,,,
0.0006173243164084852,1.0,12,16599,,,,,,
0.00282233371399343,1.0,12,16649,,,,,,
0.0005272675771266222,1.0,12,16699,,,,,,
0.001762271742336452,1.0,12,16749,,,,,,
0.012722354382276535,0.984375,12,16799,,,,,,
0.0023918761871755123,1.0,12,16849,,,,,,
0.024592813104391098,0.984375,12,16899,,,,,,
0.0020407154224812984,1.0,12,16949,,,,,,
0.0015332696493715048,1.0,12,16999,,,,,,
0.00496343057602644,1.0,12,17049,,,,,,
0.0032136819791048765,1.0,12,17099,,,,,,
0.012325961142778397,1.0,12,17149,,,,,,
,,12,17198,0.0905868411064148,0.9801904559135437,,,,
,,12,17198,,,0.009053736925125122,0.9972942471504211,,
0.024180660024285316,0.984375,13,17199,,,,,,
0.0065003251656889915,1.0,13,17249,,,,,,
0.0004518818750511855,1.0,13,17299,,,,,,
0.0014798232587054372,1.0,13,17349,,,,,,
0.001414105063304305,1.0,13,17399,,,,,,
0.0012348078889772296,1.0,13,17449,,,,,,
0.028033481910824776,0.984375,13,17499,,,,,,
0.03572479635477066,0.984375,13,17549,,,,,,
0.0029432843439280987,1.0,13,17599,,,,,,
0.0013782185269519687,1.0,13,17649,,,,,,
0.0030628740787506104,1.0,13,17699,,,,,,
0.004185435827821493,1.0,13,17749,,,,,,
0.0019447309896349907,1.0,13,17799,,,,,,
0.015071838162839413,0.984375,13,17849,,,,,,
0.0012738051591441035,1.0,13,17899,,,,,,
0.019428469240665436,0.984375,13,17949,,,,,,
0.003197039943188429,1.0,13,17999,,,,,,
0.0004837354936171323,1.0,13,18049,,,,,,
0.0006056700949557126,1.0,13,18099,,,,,,
0.004409384448081255,1.0,13,18149,,,,,,
0.0019172964384779334,1.0,13,18199,,,,,,
0.0021669575944542885,1.0,13,18249,,,,,,
0.0026405646931380033,1.0,13,18299,,,,,,
0.005799758713692427,1.0,13,18349,,,,,,
0.0012501870514824986,1.0,13,18399,,,,,,
0.009181709960103035,1.0,13,18449,,,,,,
0.002039751736447215,1.0,13,18499,,,,,,
,,13,18521,0.09148760885000229,0.9809523820877075,,,,
,,13,18521,,,0.007490136660635471,0.9980149865150452,,
0.0003038319991901517,1.0,14,18549,,,,,,
0.0005676513537764549,1.0,14,18599,,,,,,
0.0019284075824543834,1.0,14,18649,,,,,,
0.0024722558446228504,1.0,14,18699,,,,,,
0.015504032373428345,1.0,14,18749,,,,,,
0.0017456088680773973,1.0,14,18799,,,,,,
0.0007558178622275591,1.0,14,18849,,,,,,
0.0008259983151219785,1.0,14,18899,,,,,,
0.0016830393578857183,1.0,14,18949,,,,,,
0.0015458082780241966,1.0,14,18999,,,,,,
0.004170448053628206,1.0,14,19049,,,,,,
0.0004912737640552223,1.0,14,19099,,,,,,
0.0005300624179653823,1.0,14,19149,,,,,,
0.005470956675708294,1.0,14,19199,,,,,,
0.00577706890180707,1.0,14,19249,,,,,,
0.0019653476774692535,1.0,14,19299,,,,,,
0.0015803242567926645,1.0,14,19349,,,,,,
0.0010299046989530325,1.0,14,19399,,,,,,
0.0023399924393743277,1.0,14,19449,,,,,,
0.0011321232886984944,1.0,14,19499,,,,,,
0.001356407068669796,1.0,14,19549,,,,,,
0.04207290709018707,0.96875,14,19599,,,,,,
0.0005890642059966922,1.0,14,19649,,,,,,
0.00744056049734354,1.0,14,19699,,,,,,
0.0015970877138897777,1.0,14,19749,,,,,,
0.0011227456852793694,1.0,14,19799,,,,,,
,,14,19844,0.0828656256198883,0.9824761748313904,,,,
,,14,19844,,,0.006061010528355837,0.9984049201011658,,
0.0032657880801707506,1.0,15,19849,,,,,,
0.0006930835661478341,1.0,15,19899,,,,,,
0.06601640582084656,0.984375,15,19949,,,,,,
0.0003286737482994795,1.0,15,19999,,,,,,
0.0013793405378237367,1.0,15,20049,,,,,,
0.0013384964549914002,1.0,15,20099,,,,,,
0.0024567137006670237,1.0,15,20149,,,,,,
0.002856023143976927,1.0,15,20199,,,,,,
0.0017744384240359068,1.0,15,20249,,,,,,
0.005431669298559427,1.0,15,20299,,,,,,
0.00041719540604390204,1.0,15,20349,,,,,,
0.0019029189134016633,1.0,15,20399,,,,,,
0.006558524910360575,1.0,15,20449,,,,,,
0.00370987830683589,1.0,15,20499,,,,,,
0.0003845173632726073,1.0,15,20549,,,,,,
0.0007223681313917041,1.0,15,20599,,,,,,
0.001316960551775992,1.0,15,20649,,,,,,
0.0030373819172382355,1.0,15,20699,,,,,,
0.0054908511228859425,1.0,15,20749,,,,,,
0.009319239296019077,1.0,15,20799,,,,,,
0.0014258632436394691,1.0,15,20849,,,,,,
0.01804901845753193,1.0,15,20899,,,,,,
0.0007089545833878219,1.0,15,20949,,,,,,
0.01648898608982563,1.0,15,20999,,,,,,
0.0014368847478181124,1.0,15,21049,,,,,,
0.015132123604416847,0.984375,15,21099,,,,,,
0.0008808175334706903,1.0,15,21149,,,,,,
,,15,21167,0.1062171459197998,0.9752380847930908,,,,
,,15,21167,,,0.005807378329336643,0.9982749223709106,,
0.0004991653258912265,1.0,16,21199,,,,,,
0.0010230073239654303,1.0,16,21249,,,,,,
0.0011129342019557953,1.0,16,21299,,,,,,
0.0012830718187615275,1.0,16,21349,,,,,,
0.0009133602725341916,1.0,16,21399,,,,,,
0.014104691334068775,0.984375,16,21449,,,,,,
0.004656565375626087,1.0,16,21499,,,,,,
0.0005385777913033962,1.0,16,21549,,,,,,
0.019420871511101723,0.984375,16,21599,,,,,,
0.00030409058672375977,1.0,16,21649,,,,,,
0.0003789505281019956,1.0,16,21699,,,,,,
0.0007777228602208197,1.0,16,21749,,,,,,
0.0006720100063830614,1.0,16,21799,,,,,,
0.0010159092489629984,1.0,16,21849,,,,,,
0.003462704597041011,1.0,16,21899,,,,,,
0.019996000453829765,0.984375,16,21949,,,,,,
0.0005885944701731205,1.0,16,21999,,,,,,
0.00021001155255362391,1.0,16,22049,,,,,,
0.005643671844154596,1.0,16,22099,,,,,,
0.0014986537862569094,1.0,16,22149,,,,,,
0.013390745036303997,1.0,16,22199,,,,,,
0.0005447435542009771,1.0,16,22249,,,,,,
0.0008653958211652935,1.0,16,22299,,,,,,
0.0005761207430623472,1.0,16,22349,,,,,,
0.0168317798525095,0.984375,16,22399,,,,,,
0.002099257195368409,1.0,16,22449,,,,,,
,,16,22490,0.09304169565439224,0.9801904559135437,,,,
,,16,22490,,,0.004805281292647123,0.9987948536872864,,
0.005513572134077549,1.0,17,22499,,,,,,
0.00248731323517859,1.0,17,22549,,,,,,
0.0026346170343458652,1.0,17,22599,,,,,,
0.0017725180368870497,1.0,17,22649,,,,,,
0.01634334959089756,0.984375,17,22699,,,,,,
0.007493807468563318,1.0,17,22749,,,,,,
0.004060295410454273,1.0,17,22799,,,,,,
0.00013231342018116266,1.0,17,22849,,,,,,
0.0032766221556812525,1.0,17,22899,,,,,,
0.00012090965174138546,1.0,17,22949,,,,,,
0.004588183481246233,1.0,17,22999,,,,,,
0.0018394232029095292,1.0,17,23049,,,,,,
0.0020531611517071724,1.0,17,23099,,,,,,
0.0013910243287682533,1.0,17,23149,,,,,,
0.0006961527396924794,1.0,17,23199,,,,,,
0.010863085277378559,1.0,17,23249,,,,,,
0.0006639405037276447,1.0,17,23299,,,,,,
0.00035097909858450294,1.0,17,23349,,,,,,
0.0039395298808813095,1.0,17,23399,,,,,,
0.001458998303860426,1.0,17,23449,,,,,,
0.0017191240331158042,1.0,17,23499,,,,,,
0.002680856268852949,1.0,17,23549,,,,,,
0.0014027018332853913,1.0,17,23599,,,,,,
0.000490938255097717,1.0,17,23649,,,,,,
0.0010067690163850784,1.0,17,23699,,,,,,
0.0019389603985473514,1.0,17,23749,,,,,,
0.0010351681848987937,1.0,17,23799,,,,,,
,,17,23813,0.0818508192896843,0.9824761748313904,,,,
,,17,23813,,,0.004297078587114811,0.9987357258796692,,
0.0058623724617064,1.0,18,23849,,,,,,
0.0006316009676083922,1.0,18,23899,,,,,,
0.0013608081499114633,1.0,18,23949,,,,,,
0.014439108781516552,0.984375,18,23999,,,,,,
0.00026383885415270925,1.0,18,24049,,,,,,
0.00024618685711175203,1.0,18,24099,,,,,,
0.006531660910695791,1.0,18,24149,,,,,,
0.0007740410510450602,1.0,18,24199,,,,,,
0.000348487141309306,1.0,18,24249,,,,,,
0.14167553186416626,0.96875,18,24299,,,,,,
0.0005223021726123989,1.0,18,24349,,,,,,
0.0007565990672446787,1.0,18,24399,,,,,,
0.0006867664633318782,1.0,18,24449,,,,,,
0.0002397217322140932,1.0,18,24499,,,,,,
0.02259759232401848,0.984375,18,24549,,,,,,
0.00043202543747611344,1.0,18,24599,,,,,,
0.004310389049351215,1.0,18,24649,,,,,,
0.00024170082178898156,1.0,18,24699,,,,,,
0.0007186175207607448,1.0,18,24749,,,,,,
0.00016768091882113367,1.0,18,24799,,,,,,
0.00022740414715372026,1.0,18,24849,,,,,,
0.004188881255686283,1.0,18,24899,,,,,,
0.0011177673004567623,1.0,18,24949,,,,,,
0.0042477818205952644,1.0,18,24999,,,,,,
0.0008792301523499191,1.0,18,25049,,,,,,
0.0003870600776281208,1.0,18,25099,,,,,,
,,18,25136,0.09443867951631546,0.9824761748313904,,,,
,,18,25136,,,0.004057779908180237,0.9988775253295898,,
0.00030342102400027215,1.0,19,25149,,,,,,
0.00045132890227250755,1.0,19,25199,,,,,,
0.0017677739961072803,1.0,19,25249,,,,,,
0.0014208999928086996,1.0,19,25299,,,,,,
0.0013328113127499819,1.0,19,25349,,,,,,
0.0011022619437426329,1.0,19,25399,,,,,,
0.0008318166946992278,1.0,19,25449,,,,,,
0.0002877676743082702,1.0,19,25499,,,,,,
0.0015558834420517087,1.0,19,25549,,,,,,
0.0015868378104642034,1.0,19,25599,,,,,,
0.0007031102431938052,1.0,19,25649,,,,,,
0.00026690089725889266,1.0,19,25699,,,,,,
0.005138477776199579,1.0,19,25749,,,,,,
0.00031401097658090293,1.0,19,25799,,,,,,
3.995266888523474e-05,1.0,19,25849,,,,,,
0.00021167397790122777,1.0,19,25899,,,,,,
0.030796749517321587,0.984375,19,25949,,,,,,
0.0026478557847440243,1.0,19,25999,,,,,,
0.0010761121520772576,1.0,19,26049,,,,,,
0.007039589807391167,1.0,19,26099,,,,,,
0.005279236473143101,1.0,19,26149,,,,,,
0.0002903607382904738,1.0,19,26199,,,,,,
0.001439112238585949,1.0,19,26249,,,,,,
0.00013650757318828255,1.0,19,26299,,,,,,
0.001526581821963191,1.0,19,26349,,,,,,
0.0003627084952313453,1.0,19,26399,,,,,,
0.023067722097039223,0.984375,19,26449,,,,,,
,,19,26459,0.07943930476903915,0.9824761748313904,,,,
,,19,26459,,,0.0038312673568725586,0.9989129900932312,,
0.0003284177219029516,1.0,20,26499,,,,,,
0.0005521607818081975,1.0,20,26549,,,,,,
0.0006747368606738746,1.0,20,26599,,,,,,
0.005887353792786598,1.0,20,26649,,,,,,
0.00043377818656153977,1.0,20,26699,,,,,,
0.00047703509335406125,1.0,20,26749,,,,,,
0.0025360113941133022,1.0,20,26799,,,,,,
0.014116478152573109,1.0,20,26849,,,,,,
0.0009868864435702562,1.0,20,26899,,,,,,
0.003340073861181736,1.0,20,26949,,,,,,
0.0004295260296203196,1.0,20,26999,,,,,,
0.04111788794398308,0.984375,20,27049,,,,,,
0.006799330003559589,1.0,20,27099,,,,,,
0.005205877125263214,1.0,20,27149,,,,,,
0.010283845476806164,1.0,20,27199,,,,,,
0.00021517850109376013,1.0,20,27249,,,,,,
7.964896940393373e-05,1.0,20,27299,,,,,,
0.033616501837968826,0.984375,20,27349,,,,,,
0.0001617438392713666,1.0,20,27399,,,,,,
0.0006812636856921017,1.0,20,27449,,,,,,
0.0007185769500210881,1.0,20,27499,,,,,,
0.000605026725679636,1.0,20,27549,,,,,,
0.0010992398019880056,1.0,20,27599,,,,,,
0.0011864928528666496,1.0,20,27649,,,,,,
7.137138891266659e-05,1.0,20,27699,,,,,,
0.002313115866854787,1.0,20,27749,,,,,,
,,20,27782,0.08457712084054947,0.984000027179718,,,,
,,20,27782,,,0.003653315594419837,0.9989720582962036,,
0.0004117965290788561,1.0,21,27799,,,,,,
0.007031995337456465,1.0,21,27849,,,,,,
0.0010489244014024734,1.0,21,27899,,,,,,
0.0004767577920574695,1.0,21,27949,,,,,,
0.0008864097762852907,1.0,21,27999,,,,,,
0.0002556832623668015,1.0,21,28049,,,,,,
0.0008285035728476942,1.0,21,28099,,,,,,
0.0008692658739164472,1.0,21,28149,,,,,,
0.006936498451977968,1.0,21,28199,,,,,,
0.0007721487199887633,1.0,21,28249,,,,,,
0.004314970225095749,1.0,21,28299,,,,,,
0.0005185634945519269,1.0,21,28349,,,,,,
0.00752021512016654,1.0,21,28399,,,,,,
0.002134747803211212,1.0,21,28449,,,,,,
0.00024621273041702807,1.0,21,28499,,,,,,
0.0017195529071614146,1.0,21,28549,,,,,,
0.03561623767018318,0.984375,21,28599,,,,,,
0.0001226780586875975,1.0,21,28649,,,,,,
0.0013597983634099364,1.0,21,28699,,,,,,
0.00045771762961521745,1.0,21,28749,,,,,,
0.016939960420131683,0.984375,21,28799,,,,,,
0.00041902175871655345,1.0,21,28849,,,,,,
0.00012648740084841847,1.0,21,28899,,,,,,
5.273676651995629e-05,1.0,21,28949,,,,,,
0.0003162684733979404,1.0,21,28999,,,,,,
0.0005366081022657454,1.0,21,29049,,,,,,
0.0005154709215275943,1.0,21,29099,,,,,,
,,21,29105,0.095892034471035,0.981333315372467,,,,
,,21,29105,,,0.003488740650936961,0.9990429282188416,,
0.0010840990580618382,1.0,22,29149,,,,,,
0.0008302736096084118,1.0,22,29199,,,,,,
0.0009265909902751446,1.0,22,29249,,,,,,
0.00014849071158096194,1.0,22,29299,,,,,,
0.0007075862376950681,1.0,22,29349,,,,,,
0.0002930612245108932,1.0,22,29399,,,,,,
0.0006153085269033909,1.0,22,29449,,,,,,
0.001145725604146719,1.0,22,29499,,,,,,
0.00249877548776567,1.0,22,29549,,,,,,
0.0009320959798060358,1.0,22,29599,,,,,,
0.0008957865065895021,1.0,22,29649,,,,,,
0.0002115203533321619,1.0,22,29699,,,,,,
0.004625948145985603,1.0,22,29749,,,,,,
0.007068415638059378,1.0,22,29799,,,,,,
0.000531891651917249,1.0,22,29849,,,,,,
0.0002636837016325444,1.0,22,29899,,,,,,
0.0014731907285749912,1.0,22,29949,,,,,,
0.008741218596696854,1.0,22,29999,,,,,,
0.0006467796047218144,1.0,22,30049,,,,,,
0.00014133044169284403,1.0,22,30099,,,,,,
0.00195925310254097,1.0,22,30149,,,,,,
0.0008168769418261945,1.0,22,30199,,,,,,
0.0039576874114573,1.0,22,30249,,,,,,
0.0006605513044632971,1.0,22,30299,,,,,,
0.0017913983901962638,1.0,22,30349,,,,,,
0.0009850477799773216,1.0,22,30399,,,,,,
,,22,30428,0.09468904137611389,0.9828571677207947,,,,
,,22,30428,,,0.002497524255886674,0.9993265271186829,,
4.98178560519591e-05,1.0,23,30449,,,,,,
0.00023315392900258303,1.0,23,30499,,,,,,
0.00032860581995919347,1.0,23,30549,,,,,,
0.0003978287859354168,1.0,23,30599,,,,,,
0.0010468608234077692,1.0,23,30649,,,,,,
9.419059642823413e-05,1.0,23,30699,,,,,,
6.798944377806038e-05,1.0,23,30749,,,,,,
0.0015471072401851416,1.0,23,30799,,,,,,
0.00034071298432536423,1.0,23,30849,,,,,,
0.0007833665586076677,1.0,23,30899,,,,,,
0.0010221075499430299,1.0,23,30949,,,,,,
0.015521503984928131,0.984375,23,30999,,,,,,
0.0006037754938006401,1.0,23,31049,,,,,,
6.350898183882236e-05,1.0,23,31099,,,,,,
0.000824918388389051,1.0,23,31149,,,,,,
0.0008279044996015728,1.0,23,31199,,,,,,
0.0015578799648210406,1.0,23,31249,,,,,,
0.0012888122582808137,1.0,23,31299,,,,,,
0.0010820027673617005,1.0,23,31349,,,,,,
0.002185174496844411,1.0,23,31399,,,,,,
0.00016777688870206475,1.0,23,31449,,,,,,
0.00018215559248346835,1.0,23,31499,,,,,,
7.742230809526518e-05,1.0,23,31549,,,,,,
4.006892777397297e-05,1.0,23,31599,,,,,,
0.0012688268907368183,1.0,23,31649,,,,,,
0.0002838213404174894,1.0,23,31699,,,,,,
0.0028793755918741226,1.0,23,31749,,,,,,
,,23,31751,0.08924169093370438,0.9843809604644775,,,,
,,23,31751,,,0.0021318322978913784,0.9994091987609863,,
0.0010086693800985813,1.0,24,31799,,,,,,
0.0002469105238560587,1.0,24,31849,,,,,,
0.00012492624227888882,1.0,24,31899,,,,,,
0.0015285901026800275,1.0,24,31949,,,,,,
0.0021443194709718227,1.0,24,31999,,,,,,
0.0030748238787055016,1.0,24,32049,,,,,,
9.461175795877352e-05,1.0,24,32099,,,,,,
0.00032823297078721225,1.0,24,32149,,,,,,
0.0009912122040987015,1.0,24,32199,,,,,,
0.00018417088722344488,1.0,24,32249,,,,,,
0.00030001308186911047,1.0,24,32299,,,,,,
0.0008451435714960098,1.0,24,32349,,,,,,
0.0005557657568715513,1.0,24,32399,,,,,,
0.0004434719157870859,1.0,24,32449,,,,,,
0.00020543677965179086,1.0,24,32499,,,,,,
0.0009262032690458,1.0,24,32549,,,,,,
0.001393024460412562,1.0,24,32599,,,,,,
0.0008198684081435204,1.0,24,32649,,,,,,
0.00027370601310394704,1.0,24,32699,,,,,,
0.00015140927280299366,1.0,24,32749,,,,,,
0.0008554945816285908,1.0,24,32799,,,,,,
0.00025333804660476744,1.0,24,32849,,,,,,
0.00014223609468899667,1.0,24,32899,,,,,,
0.0002363559033256024,1.0,24,32949,,,,,,
0.0580853596329689,0.984375,24,32999,,,,,,
0.0018398117972537875,1.0,24,33049,,,,,,
,,24,33074,0.07939126342535019,0.9851428866386414,,,,
,,24,33074,,,0.0017463951371610165,0.9995155930519104,,
0.00026687837089411914,1.0,25,33099,,,,,,
0.0005012527690269053,1.0,25,33149,,,,,,
0.0003050779923796654,1.0,25,33199,,,,,,
0.001634755521081388,1.0,25,33249,,,,,,
0.0076025365851819515,1.0,25,33299,,,,,,
0.00010431424016132951,1.0,25,33349,,,,,,
5.025404243497178e-05,1.0,25,33399,,,,,,
0.0006607786635868251,1.0,25,33449,,,,,,
0.0017352745635434985,1.0,25,33499,,,,,,
0.0004823658673558384,1.0,25,33549,,,,,,
0.00020216952543705702,1.0,25,33599,,,,,,
0.0005971422651782632,1.0,25,33649,,,,,,
0.00022799178259447217,1.0,25,33699,,,,,,
0.0005401782691478729,1.0,25,33749,,,,,,
6.946926441742107e-05,1.0,25,33799,,,,,,
0.011209285818040371,0.984375,25,33849,,,,,,
0.0002269199612783268,1.0,25,33899,,,,,,
3.446055416134186e-05,1.0,25,33949,,,,,,
0.0002479713293723762,1.0,25,33999,,,,,,
0.00012516725109890103,1.0,25,34049,,,,,,
0.0013430473627522588,1.0,25,34099,,,,,,
0.00038001887151040137,1.0,25,34149,,,,,,
6.748006126144901e-05,1.0,25,34199,,,,,,
0.001293399021960795,1.0,25,34249,,,,,,
0.0002902036649174988,1.0,25,34299,,,,,,
0.00020756326557602733,1.0,25,34349,,,,,,
,,25,34397,0.08497070521116257,0.9859047532081604,,,,
,,25,34397,,,0.001609069644473493,0.999480128288269,,
0.00014703501074109226,1.0,26,34399,,,,,,
0.0022541331127285957,1.0,26,34449,,,,,,
,,26,34488,0.07939126342535019,0.9851428866386414,,,,
,,26,34488,0.08497070521116257,0.9859047532081604,,,,
,,26,34488,,,,,0.02872956171631813,0.99314284324646
